"target_name","source_path","source_status","copy_status"
"fig_umap_four_panel_p56_10000.png","figures/mouse_kidney/gse157079_p56_pacs_batch_filter_p56_top10000_test10000_fdr005_lsi_saved_four_panel.png","exists","copy_failed_in_current_sshfs_session_permission_denied"
"fig_p56_batch_mixing_metrics_10000.png","figures/mouse_kidney/gse157079_p56_batch_mixing_p56_top10000_test10000_fdr005_metrics_barplot.png","exists","copy_failed_in_current_sshfs_session_permission_denied"
"fig_pca_lsi_umap_score_comparison.png","figures/mouse_kidney/gse157079_p56_10000_pca_lsi_umap_paper_style_score_comparison.png","exists","copy_failed_in_current_sshfs_session_permission_denied"
"fig_lsi_depth_correlation_before_after.png","figures/mouse_kidney/gse157079_p56_lsi_depth_correlation_before_after.png","exists","copy_failed_in_current_sshfs_session_permission_denied"
"fig_lsi_dimension_sensitivity.png","figures/mouse_kidney/gse157079_p56_lsi_dimension_sensitivity_batch_mixing.png","exists","copy_failed_in_current_sshfs_session_permission_denied"
"fig_parameter_comparison_metrics.png","figures/mouse_kidney/gse157079_p56_pacs_setting_comparison_metrics.png","missing","not_copied_source_missing"
"fig_geo_vs_pacs_reference.png","figures/mouse_kidney/gse157079_geo_vs_p56_pacs_umap_metrics_comparison.png","exists","copy_failed_in_current_sshfs_session_permission_denied"
"fig_all_cells_top_peaks_umap_by_sample.png","figures/mouse_kidney/gse157079_all_cells_top_peaks_lsi_umap_by_sample.png","exists","copy_failed_in_current_sshfs_session_permission_denied"
"fig_all_cells_top_peaks_umap_by_celltype.png","figures/mouse_kidney/gse157079_all_cells_top_peaks_lsi_umap_by_celltype.png","exists","copy_failed_in_current_sshfs_session_permission_denied"
